"Note","URL"
"Site 001","https://www.example.com/001"
"Site 002","https://www.example.com/002"
"Site 003","https://www.example.com/003"
"Site 004","https://www.example.com/004"
"Site 005","https://www.example.com/005"
"Site 006","https://www.example.com/006"
"Site 007","https://www.example.com/007"
"Site 008","https://www.example.com/008"
"Site 009","https://www.example.com/009"
"Site 010","https://www.example.com/010"
"Site 011","https://www.example.com/011"
"Site 012","https://www.example.com/012"
"Site 013","https://www.example.com/013"
"Site 014","https://www.example.com/014"
"Site 015","https://www.example.com/015"
"Site 016","https://www.example.com/016"
"Site 017","https://www.example.com/017"
"Site 018","https://www.example.com/018"
"Site 019","https://www.example.com/019"
"Site 020","https://www.example.com/020"
"Site 021","https://www.example.com/021"
"Site 022","https://www.example.com/022"
"Site 023","https://www.example.com/023"
"Site 024","https://www.example.com/024"
"Site 025","https://www.example.com/025"
"Site 026","https://www.example.com/026"
"Site 027","https://www.example.com/027"
"Site 028","https://www.example.com/028"
"Site 029","https://www.example.com/029"
"Site 030","https://www.example.com/030"
"Site 031","https://www.example.com/031"
"Site 032","https://www.example.com/032"
"Site 033","https://www.example.com/033"
"Site 034","https://www.example.com/034"
"Site 035","https://www.example.com/035"
"Site 036","https://www.example.com/036"
"Site 037","https://www.example.com/037"
"Site 038","https://www.example.com/038"
"Site 039","https://www.example.com/039"
"Site 040","https://www.example.com/040"
"Site 041","https://www.example.com/041"
"Site 042","https://www.example.com/042"
"Site 043","https://www.example.com/043"
"Site 044","https://www.example.com/044"
"Site 045","https://www.example.com/045"
"Site 046","https://www.example.com/046"
"Site 047","https://www.example.com/047"
"Site 048","https://www.example.com/048"
"Site 049","https://www.example.com/049"
"Site 050","https://www.example.com/050"
"Site 051","https://www.example.com/051"
"Site 052","https://www.example.com/052"
"Site 053","https://www.example.com/053"
"Site 054","https://www.example.com/054"
"Site 055","https://www.example.com/055"
"Site 056","https://www.example.com/056"
"Site 057","https://www.example.com/057"
"Site 058","https://www.example.com/058"
"Site 059","https://www.example.com/059"
"Site 060","https://www.example.com/060"
"Site 061","https://www.example.com/061"
"Site 062","https://www.example.com/062"
"Site 063","https://www.example.com/063"
"Site 064","https://www.example.com/064"
"Site 065","https://www.example.com/065"
"Site 066","https://www.example.com/066"
"Site 067","https://www.example.com/067"
"Site 068","https://www.example.com/068"
"Site 069","https://www.example.com/069"
"Site 070","https://www.example.com/070"
"Site 071","https://www.example.com/071"
"Site 072","https://www.example.com/072"
"Site 073","https://www.example.com/073"
"Site 074","https://www.example.com/074"
"Site 075","https://www.example.com/075"
"Site 076","https://www.example.com/076"
"Site 077","https://www.example.com/077"
"Site 078","https://www.example.com/078"
"Site 079","https://www.example.com/079"
"Site 080","https://www.example.com/080"
"Site 081","https://www.example.com/081"
"Site 082","https://www.example.com/082"
"Site 083","https://www.example.com/083"
"Site 084","https://www.example.com/084"
"Site 085","https://www.example.com/085"
"Site 086","https://www.example.com/086"
"Site 087","https://www.example.com/087"
"Site 088","https://www.example.com/088"
"Site 089","https://www.example.com/089"
"Site 090","https://www.example.com/090"
"Site 091","https://www.example.com/091"
"Site 092","https://www.example.com/092"
"Site 093","https://www.example.com/093"
"Site 094","https://www.example.com/094"
"Site 095","https://www.example.com/095"
"Site 096","https://www.example.com/096"
"Site 097","https://www.example.com/097"
"Site 098","https://www.example.com/098"
"Site 099","https://www.example.com/099"
"Site 100","https://www.example.com/100"
"Site 101","https://www.example.com/101"
"Site 102","https://www.example.com/102"
"Site 103","https://www.example.com/103"
"Site 104","https://www.example.com/104"
"Site 105","https://www.example.com/105"
"Site 106","https://www.example.com/106"
"Site 107","https://www.example.com/107"
"Site 108","https://www.example.com/108"
"Site 109","https://www.example.com/109"
"Site 110","https://www.example.com/110"
"Site 111","https://www.example.com/111"
"Site 112","https://www.example.com/112"
"Site 113","https://www.example.com/113"
"Site 114","https://www.example.com/114"
"Site 115","https://www.example.com/115"
"Site 116","https://www.example.com/116"
"Site 117","https://www.example.com/117"
"Site 118","https://www.example.com/118"
"Site 119","https://www.example.com/119"
"Site 120","https://www.example.com/120"
"Site 121","https://www.example.com/121"
"Site 122","https://www.example.com/122"
"Site 123","https://www.example.com/123"
"Site 124","https://www.example.com/124"
"Site 125","https://www.example.com/125"
"Site 126","https://www.example.com/126"
"Site 127","https://www.example.com/127"
"Site 128","https://www.example.com/128"
"Site 129","https://www.example.com/129"
"Site 130","https://www.example.com/130"
"Site 131","https://www.example.com/131"
"Site 132","https://www.example.com/132"
"Site 133","https://www.example.com/133"
"Site 134","https://www.example.com/134"
"Site 135","https://www.example.com/135"
"Site 136","https://www.example.com/136"
"Site 137","https://www.example.com/137"
"Site 138","https://www.example.com/138"
"Site 139","https://www.example.com/139"
"Site 140","https://www.example.com/140"
"Site 141","https://www.example.com/141"
"Site 142","https://www.example.com/142"
"Site 143","https://www.example.com/143"
"Site 144","https://www.example.com/144"
"Site 145","https://www.example.com/145"
"Site 146","https://www.example.com/146"
"Site 147","https://www.example.com/147"
"Site 148","https://www.example.com/148"
"Site 149","https://www.example.com/149"
"Site 150","https://www.example.com/150"
"Site 151","https://www.example.com/151"
"Site 152","https://www.example.com/152"
"Site 153","https://www.example.com/153"
"Site 154","https://www.example.com/154"
"Site 155","https://www.example.com/155"
"Site 156","https://www.example.com/156"
"Site 157","https://www.example.com/157"
"Site 158","https://www.example.com/158"
"Site 159","https://www.example.com/159"
"Site 160","https://www.example.com/160"
"Site 161","https://www.example.com/161"
"Site 162","https://www.example.com/162"
"Site 163","https://www.example.com/163"
"Site 164","https://www.example.com/164"
"Site 165","https://www.example.com/165"
"Site 166","https://www.example.com/166"
"Site 167","https://www.example.com/167"
"Site 168","https://www.example.com/168"
"Site 169","https://www.example.com/169"
"Site 170","https://www.example.com/170"
"Site 171","https://www.example.com/171"
"Site 172","https://www.example.com/172"
"Site 173","https://www.example.com/173"
"Site 174","https://www.example.com/174"
"Site 175","https://www.example.com/175"
"Site 176","https://www.example.com/176"
"Site 177","https://www.example.com/177"
"Site 178","https://www.example.com/178"
"Site 179","https://www.example.com/179"
"Site 180","https://www.example.com/180"
"Site 181","https://www.example.com/181"
"Site 182","https://www.example.com/182"
"Site 183","https://www.example.com/183"
"Site 184","https://www.example.com/184"
"Site 185","https://www.example.com/185"
"Site 186","https://www.example.com/186"
"Site 187","https://www.example.com/187"
"Site 188","https://www.example.com/188"
"Site 189","https://www.example.com/189"
"Site 190","https://www.example.com/190"
"Site 191","https://www.example.com/191"
"Site 192","https://www.example.com/192"
"Site 193","https://www.example.com/193"
"Site 194","https://www.example.com/194"
"Site 195","https://www.example.com/195"
"Site 196","https://www.example.com/196"
"Site 197","https://www.example.com/197"
"Site 198","https://www.example.com/198"
"Site 199","https://www.example.com/199"
